Title,Link,Type
2025 PCI SSC North America Community Meeting,https://events.pcisecuritystandards.org/#,CyberSecurity
2025 PCI SSC Europe Community Meeting,https://events.pcisecuritystandards.org/#,CyberSecurity
2025 PCI SSC Asia-Pacific Community Meeting,https://events.pcisecuritystandards.org/#,CyberSecurity
RSA Conference 2025,https://www.rsaconference.com/usa,CyberSecurity
Innovate Cybersecurity Summit,https://innovatecybersecuritysummit.com/,CyberSecurity
SAINTCON,https://saintcon.org/,CyberSecurity
Cloud & Cyber Security Expo,https://www.cloudsecurityexpo.com/,CyberSecurity
HIMSS,https://www.himss.org/global-conference?gclid=CjwKCAjwvrOpBhBdEiwAR58-3D9Muip01_4OdnwXxAGnNwfMFodzcvPnN5bjArshHgSwfPpr9RkBthoCy9YQAvD_BwE,CyberSecurity
HIMSS Europe,https://www.himss.org/events-overview/european-health-conference-and-exhibition/?_gl=1*sm49gs*_ga*OTE1Nzg2MTIwLjE3NDI5NDA3MDU.*_ga_QZX0W5RKQW*MTc0Mjk0MDcwNS4xLjEuMTc0Mjk0MTAyOC4wLjAuMA..*_gcl_au*NTQwMzcwMzQ5LjE3NDI5NDA3MDU.,CyberSecurity
WiCyS,https://www.wicys.org/events/wicys-2024/,CyberSecurity
Gartner Security & Risk Management Summit,https://www.gartner.com/en/conferences/na/security-risk-management-us,CyberSecurity
ISACA North America Conference,https://www.isaca.org/training-and-events/conferences/isaca-north-america-conference,CyberSecurity
GRC Conference 2025,https://www.isaca.org/training-and-events/conferences/grc-conference,CyberSecurity
ISACA Europe Conference,https://www.isaca.org/training-and-events/conferences/isaca-north-america-conference,CyberSecurity
The Diana Initiative,https://www.dianainitiative.org/,CyberSecurity
Apres-Cyber Slopes Summit,https://www.aprescyber.com/,CyberSecurity
DEF CON,https://defcon.org/,CyberSecurity
Association of Payment Professionals,https://www.paymentpros.org/level-up-24,CyberSecurity
Black Hat,https://www.blackhat.com/upcoming.html#usa,CyberSecurity
Zero Trust World (ThreatLocker),https://zerotrustworld.threatlocker.com/,CyberSecurity
ICCWS,https://www.academic-conferences.org/conferences/iccws/,CyberSecurity
HACKMIAMI,https://hackmiami.com/index.html,CyberSecurity
Techno Security & Digital Forensics Conference,https://www.technosecurity.us/,CyberSecurity
BSides,https://bsideslv.org/,CyberSecurity
Aspen Cyber Summit,https://www.aspencybersummit.org/,CyberSecurity
AISTATS 2025,https://aistats.org/aistats2025/index.html,AI-ML
CVPR 2025,https://cvpr.thecvf.com/Conferences/2025,AI-ML
NAACL 2025,https://2025.naacl.org,AI-ML
ICLR 2025,https://iclr.cc/Conferences/2025/CallForPapers,AI-ML
LoG 2024,https://logconference.org,AI-ML
ECIR 2025,https://ecir2025.eu/,AI-ML
WACV 2025,https://wacv2025.thecvf.com/,AI-ML
AAMAS 2025,https://aamas2025.org/,AI-ML
CHI 2025,https://chi2025.acm.org/,AI-ML
COLING 2025,https://coling2025.org/,AI-ML
WSDM 2025,https://www.wsdm-conference.org/2025/,AI-ML
Iberamia 2024,https://www.iberamia.org/iberamia/iberamia2024/,AI-ML
NeurIPS [Dataset and Benchmarks Track] 2024,https://nips.cc/Conferences/2024/CallForDatasetsBenchmarks,AI-ML
ICRA 2025,https://2025.ieee-icra.org,AI-ML
WACV 2025,https://wacv2025.thecvf.com/,AI-ML
AAAI 2025,https://aaai.org/conference/aaai/aaai-25/,AI-ML
BMVC 2024,https://bmvc2024.org/,AI-ML
ICASSP 2025,https://2025.ieeeicassp.org/,AI-ML
KIL 2024,https://kil-workshop.github.io/,AI-ML
ISMIR 2024,https://ismir2024.ismir.net/,AI-ML
SPAICE 2024,https://spaice.esa.int/,AI-ML
EMNLP 2024,https://2024.emnlp.org/,AI-ML
CIKM 2024,https://cikm2024.org/,AI-ML
SIGGRAPH Asia 2024,https://asia.siggraph.org/2024/,AI-ML
NeurIPS 2024,https://nips.cc/Conferences/2024,AI-ML
ECML PKDD 2024,https://2024.ecmlpkdd.org/,AI-ML
AABI 2024,http://approximateinference.org/,AI-ML
CoRL 2024,https://corl.org,AI-ML
MM 2024,https://2024.acmmm.org/,AI-ML
ACL 2024,https://2024.aclweb.org/,AI-ML
IROS 2024,https://iros2024-abudhabi.org/,AI-ML
KR 2024,https://kr.org/KR2024/,AI-ML
AAAI 2024 Spring Symposium on Clinical Foundation Models 2024,https://clinicalfoundationmodels.github.io/,AI-ML
AAAI 2024 Spring Symposium on User-Aligned Assessment of Adaptive AI Systems 2024,https://aair-lab.github.io/aia2024/,AI-ML
SIGGRAPH 2024,https://s2024.siggraph.org/,AI-ML
UAI 2024,https://www.auai.org/uai2024/,AI-ML
CoLLAs 2024,https://lifelong-ml.cc,AI-ML
ECAI 2024,https://www.ecai2024.eu/,AI-ML
RLC 2024,https://rl-conference.cc/,AI-ML
KDD 2024,https://kdd2024.kdd.org/,AI-ML
RSS 2024,https://roboticsconference.org/2024,AI-ML
ICML 2024,https://icml.cc/Conferences/2024,AI-ML
MICCAI 2024,https://conferences.miccai.org/2024/en/,AI-ML
SIGIR 2024,https://sigir-2024.github.io,AI-ML
COLM 2024,https://colmweb.org/,AI-ML
IJCAI 2024,https://ijcai24.org/,AI-ML
CHIL 2024,https://www.chilconference.org/index.html,AI-ML
SaTML 2024,https://satml.org/,AI-ML
ECCV 2024,https://eccv2024.ecva.net/,AI-ML
CLeaR 2024,https://www.cclear.cc/2024,AI-ML
ICPRAI 2024,http://icprai2024.org/,AI-ML
ICAPS 2024,https://icaps24.icaps-conference.org/,AI-ML
NAACL 2024,https://2024.naacl.org,AI-ML
CSCW 2024,https://cscw.acm.org/2024/,AI-ML
IUI 2024,https://iui.acm.org/2024/,AI-ML
AISTATS 2024,https://www.aistats.org/aistats2024/,AI-ML
ICASSP 2024,https://2024.ieeeicassp.org/,AI-ML
HRI 2024,https://humanrobotinteraction.org/2024/,AI-ML
WACV 2024,https://wacv2024.thecvf.com,AI-ML
EACL 2024,https://2024.eacl.org/,AI-ML
3DV 2024,https://3dvconf.github.io/2024/,AI-ML
ICLR 2024,https://iclr.cc/Conferences/2024,AI-ML
CVPR 2024,https://cvpr.thecvf.com/Conferences/2024,AI-ML
ICRA 2024,http://2024.ieee-icra.org/,AI-ML
CoNLL 2023,https://conll.org/,AI-ML
AAMAS 2024,https://www.aamas2024-conference.auckland.ac.nz/,AI-ML
AAAI 2024,https://aaai.org/aaai-conference/,AI-ML
ECIR 2024,https://www.ecir2024.org/,AI-ML
CHI 2024,https://chi2024.acm.org/,AI-ML
LREC-COLING 2024,https://lrec-coling-2024.org,AI-ML
IJCNLP-AACL 2023,http://www.ijcnlp-aacl2023.org/,AI-ML
RecSys 2023,https://recsys.acm.org/recsys23/,AI-ML
ACML 2023,https://www.acml-conf.org/2023,AI-ML
SIGIR-AP 2023,http://www.sigir-ap.org/sigir-ap-2023/,AI-ML
EMNLP 2023,https://2023.emnlp.org/,AI-ML
*SEM 2023,https://sites.google.com/view/starsem2023,AI-ML
SIGGRAPH Asia 2023,https://asia.siggraph.org/2023/,AI-ML
CoRL 2023,https://corl2023.org,AI-ML
ECAI 2023,https://ecai2023.eu/,AI-ML
MM 2023,https://www.acmmm2023.org/,AI-ML
RO-MAN 2023,http://ro-man2023.org/main,AI-ML
NeurIPS 2023,https://neurips.cc/Conferences/2023/,AI-ML
AutoML-Conf 2023,https://2023.automl.cc,AI-ML
CoLLAs 2023,https://lifelong-ml.cc,AI-ML
UAI 2023,https://www.auai.org/uai2023/,AI-ML
RSS 2023,https://roboticsconference.org/2023,AI-ML
IJCAI 2023,https://ijcai-23.org/,AI-ML
ICML 2023,https://icml.cc/Conferences/2023,AI-ML
SIGIR 2023,https://sigir.org/sigir2023/,AI-ML
IROS 2023,https://ieee-iros.org/,AI-ML
KR 2023,https://kr.org/KR2023/,AI-ML
ICAPS 2023,https://icaps23.icaps-conference.org/,AI-ML
ACL 2023,https://2023.aclweb.org/,AI-ML
EACL 2023,https://2023.eacl.org/,AI-ML
PAKDD 2023,https://pakdd2023.org,AI-ML
AISTATS 2023,https://www.aistats.org/aistats2023/,AI-ML
ICLR 2023,https://iclr.cc/Conferences/2023,AI-ML
ACML 2022,https://www.acml-conf.org/2022,AI-ML
AAAI 2023,https://aaai.org/Conferences/AAAI-23/,AI-ML
ICDM 2022,https://icdm22.cse.usf.edu/,AI-ML
EMNLP 2022,https://2022.emnlp.org/,AI-ML
WSDM 2023,https://www.wsdm-conference.org/2023/,AI-ML
MM 2022,https://2022.acmmm.org/,AI-ML
ICMI 2022,https://icmi.acm.org/2022/,AI-ML
CIKM 2022,https://www.cikm2022.org/,AI-ML
COLING 2022,https://coling2022.org/,AI-ML
NeurIPS 2022,https://neurips.cc/Conferences/2022/,AI-ML
ISMIR 2022,https://ismir2022.ismir.net/,AI-ML
AACL-IJCNLP 2022,https://www.aacl2022.org/,AI-ML
CoRL 2022,https://corl2022.org,AI-ML
ALT 2020,http://alt2020.algorithmiclearningtheory.org/,AI-ML
HRI 2020,https://humanrobotinteraction.org/2020/,AI-ML
ICMR 2020,http://icmr2020.org/,AI-ML
COLT 2020,http://www.learningtheory.org/colt2020/,AI-ML
ICCC 2020,http://computationalcreativity.net/iccc20/,AI-ML
ISMIR 2020,https://ismir.github.io/ISMIR2020/,AI-ML
AACL-IJCNLP 2020,http://aacl2020.org,AI-ML
ACCV 2020,http://accv2020.kyoto/,AI-ML
ICPR 2020,https://www.micc.unifi.it/icpr2020/,AI-ML
CoNLL 2020,http://www.conll.org/2020,AI-ML
3DV 2020,http://3dv2020.dgcv.nii.ac.jp/index.html,AI-ML
WMT 2020,http://www.statmt.org/wmt20/,AI-ML
EACL 2021,https://2021.eacl.org/,AI-ML
AAMAS 2023,https://aamas2023.soton.ac.uk/,AI-ML
SDM 2021,https://www.siam.org/conferences/cm/conference/sdm21,AI-ML
AISTATS 2021,https://www.aistats.org/aistats2021/,AI-ML
ICME 2021,https://2021.ieeeicme.org/,AI-ML
ICIP 2023,https://2023.ieeeicip.org/,AI-ML
MIDL 2021,https://2021.midl.io/,AI-ML
UAI 2021,http://auai.org/uai2021/,AI-ML
IROS 2021,https://www.iros2021.org/important-dates,AI-ML
RSS 2021,https://roboticsconference.org/2021,AI-ML
MICCAI 2023,https://conferences.miccai.org/2023/en/,AI-ML
ICCV 2023,http://iccv2023.thecvf.com/,AI-ML
ECML-PKDD 2021,https://2021.ecmlpkdd.org/,AI-ML
InterSpeech 2023,http://www.interspeech2023.org/,AI-ML
FG 2021,http://iab-rubric.org/fg2021/,AI-ML
RecSys 2022,https://recsys.acm.org/recsys22/,AI-ML
EMNLP 2021,https://2021.emnlp.org/,AI-ML
CIKM 2021,https://cikm2021.org/,AI-ML
NeurIPS 2021,https://neurips.cc/Conferences/2021/,AI-ML
WACV 2023,http://wacv2023.thecvf.com/,AI-ML
ICDM 2021,https://icdm2021.auckland.ac.nz,AI-ML
CoRL 2021,http://www.robot-learning.org,AI-ML
AKBC 2021,https://www.akbc.ws/2021/,AI-ML
BMVC 2023,https://www.bmvc2023.org,AI-ML
ACML 2021,http://www.acml-conf.org/2021,AI-ML
WSDM 2022,https://www.wsdm-conference.org/2022/,AI-ML
AAAI 2022,https://aaai.org/Conferences/AAAI-22/,AI-ML
ICRA 2023,https://www.icra2023.org/,AI-ML
ICLR 2022,https://iclr.cc/Conferences/2022,AI-ML
ICASSP 2023,https://2023.ieeeicassp.org/,AI-ML
AISTATS 2022,https://www.aistats.org/aistats2022/,AI-ML
WWW 2023,https://www2023.thewebconf.org/,AI-ML
ACL 2022,https://2022.aclweb.org/,AI-ML
CVPR 2023,http://cvpr2023.thecvf.com/,AI-ML
L4DC 2022,https://l4dc.stanford.edu/,AI-ML
ICAPS 2022,http://icaps22.icaps-conference.org/,AI-ML
LREC 2022,http://elra.info/en/lrec/lrec-2022/,AI-ML
IJCAI-ECAI 2022,https://ijcai-22.org/,AI-ML
FAccT 2022,https://facctconference.org/2022/,AI-ML
CHIL 2023,https://www.chilconference.org/,AI-ML
NAACL 2022,https://2022.naacl.org/,AI-ML
ICWSM 2022,https://www.icwsm.org/2022/index.html/,AI-ML
ICML 2022,https://icml.cc/Conferences/2022,AI-ML
SIGIR 2022,https://sigir.org/sigir2022/,AI-ML
RSS 2022,https://roboticsconference.org/2022,AI-ML
KDD 2023,https://kdd.org/kdd2023/,AI-ML
ICIP 2022,https://2022.ieeeicip.org,AI-ML
UAI 2022,https://www.auai.org/uai2022/,AI-ML
IROS 2022,https://iros2022.org/,AI-ML
AutoML-Conf 2022,https://automl.cc/,AI-ML
CoLLAs 2022,https://lifelong-ml.cc,AI-ML
ECCV 2022,https://eccv2022.ecva.net/,AI-ML
RO-MAN 2022,http://www.ro-man2022.org/,AI-ML
InterSpeech 2022,http://www.interspeech2022.org/,AI-ML
ECML/PKDD 2022,https://2022.ecmlpkdd.org/,AI-ML
ISMIS 2022,https://ismis2022.icar.cnr.it/,AI-ML
SIGGRAPH Asia 2022,https://sa2022.siggraph.org/,AI-ML
evoMUSART 2023,https://www.evostar.org/2023/evomusart/,AI-ML
LOG 2022,https://logconference.org/,AI-ML
AI4science NASSMA 2022 2022,ai4science.nassma.ai,AI-ML
SIGGRAPH 2023,https://s2023.siggraph.org/,AI-ML
ICDM 2023,https://www.cloud-conf.net/icdm2023/,AI-ML
ECML/PKDD 2023,https://2023.ecmlpkdd.org/,AI-ML
ISWC 2023,https://iswc2023.semanticweb.org/,AI-ML
CIKM 2023,https://cikm2023.github.io/,AI-ML
AI World Barcelona 2023,https://ai-world-barcelona.com,AI-ML
SPECOM 2024,https://specom2024.ftn.uns.ac.rs,AI-ML
MIPR 2024,https://sites.google.com/view/mipr2024,AI-ML
AIware 2024,https://2024.aiwareconf.org/#,AI-ML
AutoML 2024,https://2024.automl.cc/,AI-ML
HIMSS Global Health Conference & Exhibition,https://www.himss.org/global-conference,Health Informatics
AMIA Annual Symposium,https://amia.org/education-events/amia-annual-symposium,Health Informatics
AMIA Clinical Informatics Conference (CIC),https://amia.org/education-events/amia-2025-clinical-informatics-conference,Health Informatics
HLTH (US & Europe),https://hlth.com,Health Informatics
ViVE,https://www.viveevent.com,Health Informatics
MEDICA,https://www.medica-tradefair.com,Health Informatics
World Health Expo (WHX),https://www.worldhealthexpo.com,Health Informatics
International Conference on Medical and Health Informatics (ICMHI),https://icmhi.org,Health Informatics
Connected Health Conference,https://www.connectedhealthconf.org,Health Informatics
Digital Healthcare Innovation Summit,https://dhis.net,Health Informatics
Cancer Informatics for Cancer Centers Fall Symposium,https://www.cancer.gov/about-nci/organization/ccct/initiatives/cancer-informatics,Health Informatics
"International Conference on Health Informatics, Intelligent Systems and Networking Technologies (HINT)",https://hint.manipal.edu,Health Informatics
Healthcare Information and Management Systems Society (HIMSS) Europe,https://www.himss.org/event-himss-europe,Health Informatics
"Health Sciences, Systems and Technologies (HSST)",https://www.hsstconference.org,Health Informatics
International Symposium on Medical Decision Science (ISMDS),https://ismds.org,Health Informatics
Virginia HIMSS Annual Fall Conference,https://www.vahimss.org,Health Informatics
GNUHealth Con,https://www.gnuhealthcon.org,Health Informatics
AIMed Global Summit,https://aimed.events,Health Informatics
International Conference on Nursing and Healthcare,https://www.nursingconference.com,Health Informatics
Healthcare Summit London,https://thenueconomy.com/top-global-health-technology-conferences-2025-26/,Health Informatics
