Conference Name,Link
HIMSS 2025 Global Health Conference & Exhibition,https://www.himss.org/global-conference
AMIA 2025 Clinical Informatics Conference,https://amia.org/education-events/amia-2025-clinical-informatics-conference/call-participation
AI Cybersecurity Summit 2025 (SANS Institute),https://www.sans.org/cyber-security-training-events/ai-summit-2025/
Healthcare Innovation Summit 2025,https://infosec-conferences.com/event-series/healthcare-innovation-summit/
Cybertech USA 2025,https://usa.cybertechconference.com/
Innovate Cybersecurity Summit â€“ Nashville 2025,https://innovatecybersecurity.com/nashville/
46th IEEE Symposium on Security and Privacy,https://www.ieee-security.org/TC/SP2025/
Black Hat USA 2025,https://www.blackhat.com/us-25/
Digital Health 2025,https://www.digitalhealth2025.com/
DMEA 2025: Next Level of Digital Health,https://www.dmea.de/en/
