Title,Link,Key Topics,Type
HIMSS Global Health Conference & Exhibition,https://www.himss.org/global-conference,"*   Healthcare cybersecurity
*   Health information technology
*   Data privacy in healthcare
*   Medical device security
*   Interoperability
*   Digital health",Health Informatics Conferences
AMIA Annual Symposium,https://amia.org/education-events/amia-annual-symposium,"*   Medical Informatics
*   Healthcare Technology
*   Biomedical Informatics
*   Health Data
*   Clinical Informatics",Health Informatics Conferences
AMIA Clinical Informatics Conference (CIC),https://amia.org/education-events/amia-2025-clinical-informatics-conference,"*   Clinical Informatics
*   Healthcare IT
*   Medical Data
*   Data Security
*   Information Security
*   Cybersecurity
*   Healthcare Privacy",Health Informatics Conferences
HLTH (US & Europe),https://hlth.com,"*   Healthcare Cybersecurity
*   Data Privacy in Healthcare
*   Medical Device Security
*   Compliance (HIPAA, GDPR, etc.)
*   Digital Health Security
*   Risk Management in Healthcare
*   Emerging Threats in Healthcare",Health Informatics Conferences
ViVE,https://www.viveevent.com,"Based on the conference title ""ViVE"", which is specifically a *healthcare* technology conference, the key topics are likely to include:

*   Digital Health
*   Healthcare Technology
*   Healthcare Innovation
*   Health IT
*   Health Information Exchange
*   Patient Engagement
*   Data Security
*   Interoperability
*   Virtual Care
*   Health Equity",Health Informatics Conferences
MEDICA,https://www.medica-tradefair.com,"*   Healthcare cybersecurity
*   Medical device security
*   Data privacy in healthcare
*   Medical technology security
*   Vulnerability management in healthcare
*   Risk management in healthcare
*   Regulatory compliance in healthcare
*   Patient safety",Health Informatics Conferences
World Health Expo (WHX),https://www.worldhealthexpo.com,"*   Healthcare Cybersecurity
*   Medical Device Security
*   Patient Data Privacy
*   Healthcare Infrastructure Security
*   Public Health Security
*   Pharmaceutical Security
*   Biotech Security
*   Health Technology Security",Health Informatics Conferences
International Conference on Medical and Health Informatics (ICMHI),https://icmhi.org,"*   Medical Informatics
*   Health Informatics
*   Healthcare Cybersecurity
*   Data Privacy
*   Data Security
*   Health Data Management
*   Health Information Technology",Health Informatics Conferences
Connected Health Conference,https://www.connectedhealthconf.org,"*   Healthcare Cybersecurity
*   Medical Device Security
*   Data Privacy in Healthcare
*   IoT Security in Healthcare
*   Telehealth Security
*   Wearable Device Security
*   Risk Management in Healthcare
*   Compliance (HIPAA, etc.)
*   Patient Safety
*   Network Security in Healthcare",Health Informatics Conferences
Digital Healthcare Innovation Summit,https://dhis.net,"*   Digital Healthcare
*   Innovation
*   Healthcare Technology
*   Healthcare Cybersecurity",Health Informatics Conferences
Cancer Informatics for Cancer Centers Fall Symposium,https://www.cancer.gov/about-nci/organization/ccct/initiatives/cancer-informatics,"*   Cancer Informatics
*   Cancer Centers
*   Symposium
*   Fall",Health Informatics Conferences
"International Conference on Health Informatics, Intelligent Systems and Networking Technologies (HINT)",https://hint.manipal.edu,"*   Health Informatics
*   Intelligent Systems
*   Networking Technologies",Health Informatics Conferences
Healthcare Information and Management Systems Society (HIMSS) Europe,https://www.himss.org/event-himss-europe,"*   Healthcare
*   Information Management
*   Management Systems
*   Europe
*   Health Information Technology (HIT)
*   Health IT",Health Informatics Conferences
"Health Sciences, Systems and Technologies (HSST)",https://www.hsstconference.org,"*   Health Sciences
*   Healthcare Systems
*   Healthcare Technologies
*   Medical Devices
*   Data Security
*   Privacy",Health Informatics Conferences
International Symposium on Medical Decision Science (ISMDS),https://ismds.org,"*   Medical Decision Making
*   Decision Science
*   Healthcare
*   Medicine
*   International Collaboration
*   Symposium",Health Informatics Conferences
Virginia HIMSS Annual Fall Conference,https://www.vahimss.org,"*   Healthcare cybersecurity
*   Health information technology
*   Health information management
*   Virginia healthcare landscape",Health Informatics Conferences
GNUHealth Con,https://www.gnuhealthcon.org,"*   GNU Health
*   Healthcare Technology
*   Free/Libre Open Source Software
*   Health Informatics
*   Medical Software",Health Informatics Conferences
AIMed Global Summit,https://aimed.events,"*   Artificial Intelligence (AI)
*   Healthcare
*   Medical Technology",Health Informatics Conferences
International Conference on Nursing and Healthcare,https://www.nursingconference.com,"*   Nursing
*   Healthcare",Health Informatics Conferences
Healthcare Summit London,https://thenueconomy.com/top-global-health-technology-conferences-2025-26/,"*   Healthcare cybersecurity
*   Data privacy in healthcare
*   Cyber threats to healthcare infrastructure
*   Cybersecurity compliance (e.g., GDPR, HIPAA) for healthcare
*   Incident response in healthcare
*   Emerging technologies in healthcare security
*   Cybersecurity best practices for healthcare organizations
*   Cybersecurity policy and regulation in the UK healthcare sector",Health Informatics Conferences
2025 PCI SSC North America Community Meeting,https://events.pcisecuritystandards.org/#,"*   PCI SSC Updates
*   Regional Insights
*   Feedback Opportunities
*   Networking
*   Engagement Activities
*   PCI Standards
*   Payment Security
*   Data Security
*   Assessment and Validation",Cybersercurity Confernces
2025 PCI SSC Europe Community Meeting,https://events.pcisecuritystandards.org/#,"*   PCI SSC updates
*   Regional cybersecurity insights
*   Feedback opportunities
*   Networking
*   Engagement activities
*   PCI Standards (implied)
*   Payment Security (implied)",Cybersercurity Confernces
2025 PCI SSC Asia-Pacific Community Meeting,https://events.pcisecuritystandards.org/#,"*   PCI SSC Updates
*   Regional Insights
*   Feedback Opportunities
*   Networking
*   Engagement Activities
*   PCI Standards and Compliance
*   Payment Card Security",Cybersercurity Confernces
RSA Conference 2025,https://www.rsaconference.com/usa,"*   Information Security
*   Cyberthreats
*   Career Advancement
*   Knowledge Sharing
*   Cutting-Edge Content
*   Open Dialogue
*   Problem Solving
*   Unbiased Solutions",Cybersercurity Confernces
Innovate Cybersecurity Summit,https://innovatecybersecuritysummit.com/,"*   Cybersecurity leadership
*   CISO perspectives
*   Cybersecurity best practices
*   Real-world cybersecurity challenges
*   Cybersecurity technology solutions
*   Cybersecurity vendors
*   Networking",Cybersercurity Confernces
SAINTCON,https://saintcon.org/,"*   Computer Security
*   Hacking
*   Security Research
*   Incident Response
*   IT Security",Cybersercurity Confernces
Cloud & Cyber Security Expo,https://www.cloudsecurityexpo.com/,"*   Cybersecurity innovation
*   Cybersecurity technology
*   Cybersecurity leadership
*   Network protection
*   Asset protection
*   Cloud security
*   Digital environment security
*   Networking",Cybersercurity Confernces
HIMSS,https://www.himss.org/global-conference?gclid=CjwKCAjwvrOpBhBdEiwAR58-3D9Muip01_4OdnwXxAGnNwfMFodzcvPnN5bjArshHgSwfPpr9RkBthoCy9YQAvD_BwE,"*   Health information technology
*   Healthcare transformation
*   Global health
*   Technology advances in healthcare
*   Networking",Cybersercurity Confernces
HIMSS Europe,https://www.himss.org/events-overview/european-health-conference-and-exhibition/?_gl=1*sm49gs*_ga*OTE1Nzg2MTIwLjE3NDI5NDA3MDU.*_ga_QZX0W5RKQW*MTc0Mjk0MDcwNS4xLjEuMTc0Mjk0MTAyOC4wLjAuMA..*_gcl_au*NTQwMzcwMzQ5LjE3NDI5NDA3MDU.,"*   Health Information Technology
*   Healthcare Transformation
*   Technology Advances in Healthcare
*   Global Healthcare
*   Cybersecurity (implied as it is a cybersecurity conference)
*   Networking",Cybersercurity Confernces
WiCyS,https://www.wicys.org/events/wicys-2024/,"*   Women in Cybersecurity
*   Recruitment
*   Retention
*   Advancement
*   Technical Cybersecurity Topics
*   Academic Perspectives
*   Industry Perspectives
*   Student Involvement",Cybersercurity Confernces
Gartner Security & Risk Management Summit,https://www.gartner.com/en/conferences/na/security-risk-management-us,"*   Security leadership
*   Risk management
*   Adapting to change
*   Leading change
*   Cybersecurity for executives",Cybersercurity Confernces
ISACA North America Conference,https://www.isaca.org/training-and-events/conferences/isaca-north-america-conference,"*   Digital Trust
*   Audit
*   Governance
*   Privacy
*   Security
*   Emerging Technologies",Cybersercurity Confernces
GRC Conference 2025,https://www.isaca.org/training-and-events/conferences/grc-conference,"*   Governance
*   Risk Management
*   Control
*   GRC (Governance, Risk, and Control)
*   GRC Trends",Cybersercurity Confernces
ISACA Europe Conference,https://www.isaca.org/training-and-events/conferences/isaca-north-america-conference,"*   Expertise Enhancement
*   Career Advancement
*   Thought Leadership
*   Insightful Speakers
*   World-class content
*   Cybersecurity (implied through ISACA)
*   ISACA (information security)",Cybersercurity Confernces
The Diana Initiative,https://www.dianainitiative.org/,"*   Underrepresented groups in information security
*   Empowerment in cybersecurity
*   Networking opportunities
*   Diversity and inclusion in cybersecurity",Cybersercurity Confernces
Apres-Cyber Slopes Summit,https://www.aprescyber.com/,"*   Cybersecurity Leadership
*   Cybersecurity Innovation
*   Artificial Intelligence (AI)
*   Large Language Models (LLM)
*   Cloud Security
*   Networking
*   Professional Development",Cybersercurity Confernces
DEF CON,https://defcon.org/,"*   Hacking
*   Hackathon
*   Cybersecurity Community
*   Virtual Conference Content
*   DEF CON Conference",Cybersercurity Confernces
Association of Payment Professionals,https://www.paymentpros.org/level-up-24,"*   Payments ecosystem
*   Compliance
*   Risk management
*   Discovery
*   Learning
*   Collaboration
*   Cybersecurity solutions",Cybersercurity Confernces
Black Hat,https://www.blackhat.com/upcoming.html#usa,"*   Information security research
*   Security development
*   Security trends
*   Vendor-neutral environment
*   Collaboration between academia, researchers, and public/private sector leaders
*   Cutting edge research
*   Technical security",Cybersercurity Confernces
Zero Trust World (ThreatLocker),https://zerotrustworld.threatlocker.com/,"*   Cybersecurity
*   MSP (Managed Service Provider) Success
*   IT Professional Development
*   Hands-on Exercises
*   Live Hacking Demonstrations",Cybersercurity Confernces
ICCWS,https://www.academic-conferences.org/conferences/iccws/,"*   Cyber Warfare
*   Cyber Security
*   Cyber Threats
*   Interdisciplinary Collaboration
*   Dissemination of Research
*   Open Access Publishing
*   Policy
*   Innovation",Cybersercurity Confernces
HACKMIAMI,https://hackmiami.com/index.html,"*   Hacking (Beginner to Advanced)
*   Crimeware
*   Cryptocurrency & Digital Currency
*   DDoS Attacks
*   Digital Self-Defense
*   Encryption
*   Forensics
*   Hacker Culture
*   HAM Radio
*   Identity Theft
*   Malware
*   Mobile Technologies
*   Open Source Software
*   Penetration Testing
*   Programming
*   Robotics
*   Security Culture
*   Software Cracking
*   Software/Tool Releases",Cybersercurity Confernces
Techno Security & Digital Forensics Conference,https://www.technosecurity.us/,"*   Corporate Network Security
*   Digital Forensics
*   Law Enforcement (Federal, State, Local)
*   IT Security
*   Cybersecurity
*   Ethics in IT Security and Digital Forensics
*   International Awareness of Developments
*   Training
*   Responsibilities in IT Security and Digital Forensics",Cybersercurity Confernces
BSides,https://bsideslv.org/,"*   Community-driven cybersecurity
*   Information security
*   Collaboration
*   Discussions and Demos
*   Emerging trends
*   Affordable participation",Cybersercurity Confernces
Aspen Cyber Summit,https://www.aspencybersummit.org/,"*   Cybersecurity Policy
*   Technology Policy
*   National Security
*   International Cooperation
*   Government Cybersecurity
*   Industry Cybersecurity
*   Civil Society & Cybersecurity
*   Cybersecurity Skills & Knowledge
*   Cybersecurity Compliance
*   Networking & Collaboration",Cybersercurity Confernces
HIMSS 2025 Global Health Conference & Exhibition,https://www.himss.org/global-conference,"*   Global Health
*   Healthcare
*   Health Information and Technology
*   Health IT
*   Healthcare Innovation
*   Healthcare Management
*   Digital Health
*   Health Information Systems",Potential Cross
AMIA 2025 Clinical Informatics Conference,https://amia.org/education-events/amia-2025-clinical-informatics-conference/call-participation,"*   Clinical Informatics
*   Healthcare
*   Medical Informatics
*   Data Science
*   Information Technology",Potential Cross
AI Cybersecurity Summit 2025 (SANS Institute),https://www.sans.org/cyber-security-training-events/ai-summit-2025/,"*   AI
*   Cybersecurity
*   SANS Institute",Potential Cross
Healthcare Innovation Summit 2025,https://infosec-conferences.com/event-series/healthcare-innovation-summit/,"*   Healthcare
*   Innovation
*   Cybersecurity (implied, as it's a *cybersecurity* conference)
*   Future Trends
*   Technology",Potential Cross
Cybertech USA 2025,https://usa.cybertechconference.com/,"*   Cybersecurity
*   Technology
*   USA",Potential Cross
Innovate Cybersecurity Summit â€“ Nashville 2025,https://innovatecybersecurity.com/nashville/,"*   Cybersecurity Innovation
*   General Cybersecurity
*   Nashville (Location)
*   2025 (Future Trends)",Potential Cross
46th IEEE Symposium on Security and Privacy,https://www.ieee-security.org/TC/SP2025/,"*   Security
*   Privacy",Potential Cross
Black Hat USA 2025,https://www.blackhat.com/us-25/,"*   General Cybersecurity
*   Information Security
*   Hacking
*   Vulnerability Research
*   Cyber Threats",Potential Cross
Digital Health 2025,https://www.digitalhealth2025.com/,"*   Digital health
*   Healthcare cybersecurity
*   Future of healthcare
*   Technology in healthcare
*   Cybersecurity in 2025",Potential Cross
DMEA 2025: Next Level of Digital Health,https://www.dmea.de/en/,"*   Digital Health
*   Cybersecurity (implied)
*   Healthcare Technology
*   Future Trends",Potential Cross
